{
    "reusePaths": {
        "amcQw_d": {
            "icPath": "csrc"
        },
        "zCAWT_d": {
            "icPath": "csrc"
        },
        "reYIK_d": {
            "icPath": "csrc"
        },
        "twU73_d": {
            "icPath": "csrc"
        },
        "eUPee_d": {
            "icPath": "csrc"
        }
    },
    "Modules": {
        "...MASTER...": {
            "start_perf": [
                0.25903892517089844,
                0.085345000000000004,
                0.055914999999999999,
                280684,
                293772,
                1606957393.5965919,
                20738760618591214
            ],
            "child_modules": {
                "top_tb": 1,
                "std": 1
            },
            "nRouts": 5,
            "nMops": 0,
            "end_perf": [
                0.26593399047851562,
                0.086280999999999997,
                0.058827999999999998,
                282104,
                293772,
                20738760638799153,
                0,
                0
            ],
            "nQuads": 0
        },
        "PE": {
            "start_perf": [
                0.2727210521697998,
                0.090151999999999996,
                0.061733999999999997,
                282120,
                293772,
                1606957393.6102741,
                20738760658618719
            ],
            "Compiled": "Yes",
            "child_modules": {},
            "Compiled Times": 2,
            "nRouts": 33,
            "nMops": 427,
            "end_perf": [
                0.27672195434570312,
                0.092159000000000005,
                0.063727000000000006,
                282632,
                293772,
                20738760670348500,
                12884901889,
                0
            ],
            "nQuads": 173
        },
        "std": {
            "start_perf": [
                0.2660679817199707,
                0.086355000000000001,
                0.058878,
                282104,
                293772,
                1606957393.603621,
                20738760639159322
            ],
            "child_modules": {},
            "Compiled": "Yes",
            "Compiled Times": 44,
            "svclass": [
                "$vcs_nba_dyn_obj",
                0,
                37,
                2,
                2,
                0,
                "sigprop$$",
                0,
                37,
                2,
                2,
                0,
                "process",
                0,
                184,
                8,
                8,
                0,
                "event",
                0,
                36,
                2,
                2,
                0,
                "mailbox",
                0,
                107,
                9,
                9,
                0,
                "semaphore",
                0,
                71,
                5,
                5,
                0
            ],
            "nMops": 472,
            "nRouts": 33,
            "end_perf": [
                0.27266693115234375,
                0.090120000000000006,
                0.061712000000000003,
                282120,
                293772,
                20738760658484495,
                8589934594,
                0
            ],
            "nQuads": 218
        },
        "top_tb": {
            "start_perf": [
                0.28086209297180176,
                0.096213000000000007,
                0.063813999999999996,
                282632,
                293772,
                1606957393.6184151,
                20738760682437315
            ],
            "child_modules": {
                "PE": 16,
                "ROM_R": 1,
                "ROM_S": 1
            },
            "Compiled": "Yes",
            "Compiled Times": 2,
            "significant_routs": [
                [
                    30,
                    "R_VCSgd_W0eJz_1e",
                    3563493,
                    1409,
                    377
                ]
            ],
            "nMops": 4594,
            "nRouts": 117,
            "end_perf": [
                0.31972789764404297,
                0.12701000000000001,
                0.071873000000000006,
                288436,
                293772,
                20738760796215738,
                38654705665,
                0
            ],
            "nQuads": 1508
        },
        "ROM_R": {
            "start_perf": [
                0.27676701545715332,
                0.092186000000000004,
                0.063745999999999997,
                282632,
                293772,
                1606957393.61432,
                20738760670455787
            ],
            "Compiled": "Yes",
            "child_modules": {},
            "Compiled Times": 2,
            "nRouts": 18,
            "nMops": 137,
            "end_perf": [
                0.27873992919921875,
                0.094154000000000002,
                0.063750000000000001,
                282632,
                293772,
                20738760676247765,
                30064771073,
                0
            ],
            "nQuads": 57
        },
        "ROM_S": {
            "start_perf": [
                0.27878308296203613,
                0.09418,
                0.063768000000000005,
                282632,
                293772,
                1606957393.6163361,
                20738760676354203
            ],
            "Compiled": "Yes",
            "child_modules": {},
            "Compiled Times": 2,
            "nRouts": 24,
            "nMops": 216,
            "end_perf": [
                0.28081798553466797,
                0.096185999999999994,
                0.063797000000000006,
                282632,
                293772,
                20738760682330501,
                34359738369,
                0
            ],
            "nQuads": 90
        }
    },
    "CompUnits": {
        "W0eJz_d": {
            "mod": "top_tb",
            "archive": "archive.43/_16849_archive_1.a",
            "out": "W0eJz_d.o",
            "mode": 4,
            "bytes": 42126,
            "checksum": 0,
            "text": 17533
        }
    },
    "ObjArchives": [
        {
            "archive": "archive.43/_16849_archive_1.a",
            "objects": [
                [
                    "W0eJz_d.o",
                    42126
                ],
                [
                    "amcQwB.o",
                    98130
                ]
            ],
            "size": 140256
        }
    ],
    "stat": {
        "ru_self_end": {
            "ru_utime_sec": 0.13379099999999999,
            "ru_stime_sec": 0.077716999999999994,
            "ru_minflt": 28786,
            "ru_maxrss_kb": 84608,
            "ru_majflt": 0,
            "ru_nvcsw": 95,
            "ru_nivcsw": 35
        },
        "ru_childs_end": {
            "ru_utime_sec": 0.019900999999999999,
            "ru_stime_sec": 0.014564000000000001,
            "ru_minflt": 6877,
            "ru_maxrss_kb": 22828,
            "ru_majflt": 0,
            "ru_nvcsw": 18,
            "ru_nivcsw": 8
        },
        "cpu_cycles_end": 20738760833056082,
        "peak_mem_kb": 293772
    }
}